{"0":false,"body_font":"Montserrat","gg_font":"Montserrat","facebook_link":"facebook","dribble_link":"","forrst_link":"","flickr_link":"","google_link":"asdsad","pinterest_link":"asdsd","instagram_link":"addas","shop_product_columns":"3","product_page_layout":"with_right_sidebar","tagline_check":false,"not_found_page_image":"http:\/\/okthemes.com\/vouxdemo\/wp-content\/uploads\/2015\/03\/product-image.jpg","portfolio_related_posts_number":"3","site_preloader":true,"logo_check":false,"main_logo":"http:\/\/localhost:8888\/voux\/wp-content\/uploads\/2015\/02\/00080401-02-1.jpg","logo_width":"150","logo_height":"100","logo_margin_top":"30","admin_logo_check":false,"admin_logo":"http:\/\/localhost:8888\/voux\/wp-content\/uploads\/2015\/03\/office_collection.jpg","admin_logo_width":"150","admin_logo_height":"100","store_catalog_mode":false,"store_add_to_wishlist":true,"store_sale_flash":true,"store_products_price":true,"store_add_to_cart":true,"product_per_page":"9","archive_portfolio_page_columns":"three_columns","archive_portfolio_page_style":"fullwidth"}